app,user,rating,text,date
FoodieFiesta,ByteBuddy,2,I regret downloading it. Nothing works right.,2024-03-13
LearnMate,DevoteeDroid,3,An absolute disaster. Totally wasted my time.,2024-11-12
FitFlex,RocketReviewer,9,The best app I've used this year. Truly amazing!,2024-05-16
FoodieFiesta,CodeCracker,9,The best app I've used this year. Truly amazing!,2024-10-15
FoodieFiesta,GadgetGeek,1,This app is a mess. Doesn’t deliver on promises.,2024-01-31
FitFlex,CodeCracker,4,"Just okay, but I wish it had more features.",2024-10-25
PhotoMingle,SnapSage,10,Can’t believe how useful this app is. Brilliant!,2024-03-25
FitFlex,Virtuoso,5,"Gets the job done, but it’s nothing special.",2024-06-17
FoodieFiesta,PixelPal,2,I regret downloading it. Nothing works right.,2024-11-29
FitFlex,FutureFan,1,An absolute disaster. Totally wasted my time.,2024-04-23
SkyTracks,TrendTracker,2,This app is a mess. Doesn’t deliver on promises.,2024-08-21
SkyTracks,GizmoGuru,8,The best app I've used this year. Truly amazing!,2024-01-19
PhotoMingle,ByteBuddy,4,"Gets the job done, but it’s nothing special.",2024-03-25
FitFlex,ClickMaster,1,I regret downloading it. Nothing works right.,2024-06-08
PhotoMingle,DataDiver,6,It’s decent but leaves a lot to be desired.,2024-02-23
FitFlex,PixelPal,1,I regret downloading it. Nothing works right.,2024-09-22
FoodieFiesta,TechTamer,1,I regret downloading it. Nothing works right.,2024-05-03
FoodieFiesta,CodeCracker,4,"Gets the job done, but it’s nothing special.",2024-06-01
PhotoMingle,GadgetGeek,1,This app is a mess. Doesn’t deliver on promises.,2023-12-22
FoodieFiesta,CodeCracker,9,Fantastic features and seamless experience!,2024-02-03
LearnMate,Virtuoso,4,Average performance. Could use some improvements.,2024-10-12
FoodieFiesta,TrendTracker,7,"Gets the job done, but it’s nothing special.",2024-07-20
PhotoMingle,FutureFan,3,Terrible design and full of bugs. Avoid at all costs!,2024-06-23
FitFlex,TechTamer,4,It’s decent but leaves a lot to be desired.,2024-01-16
SkyTracks,ClickMaster,10,A gem! Highly recommended to everyone.,2024-07-08
LearnMate,AppAficionado,10,Can’t believe how useful this app is. Brilliant!,2024-11-07
FitFlex,GadgetGeek,3,I regret downloading it. Nothing works right.,2024-04-01
PhotoMingle,TechTamer,1,I used this app on a rainy day.,2024-03-31
FitFlex,AppGuru,3,Unusable and frustrating experience overall.,2024-02-20
SkyTracks,PixelPal,6,It’s decent but leaves a lot to be desired.,2024-01-01
SkyTracks,CodeCracker,10,Fantastic features and seamless experience!,2024-07-17
SkyTracks,SnapSage,3,Unusable and frustrating experience overall.,2024-02-03
FoodieFiesta,RocketReviewer,2,This app is a mess. Doesn’t deliver on promises.,2024-11-16
PhotoMingle,AppAficionado,9,Fantastic features and seamless experience!,2023-12-21
FitFlex,AppGuru,6,"Works fine, but there are better options out there.",2024-04-10
SkyTracks,GizmoGuru,4,It’s decent but leaves a lot to be desired.,2024-02-22
PhotoMingle,Techie22,10,Can’t believe how useful this app is. Brilliant!,2024-06-03
FoodieFiesta,DataDiver,8,A gem! Highly recommended to everyone.,2024-02-09
SkyTracks,AppAficionado,7,Average performance. Could use some improvements.,2024-11-23
PhotoMingle,DataDiver,6,Average performance. Could use some improvements.,2024-06-27
SkyTracks,GadgetGeek,2,Terrible design and full of bugs. Avoid at all costs!,2024-11-19
LearnMate,TechTamer,4,"Works fine, but there are better options out there.",2024-01-23
FitFlex,TrendTracker,3,I regret downloading it. Nothing works right.,2024-04-06
SkyTracks,TechTamer,3,I regret downloading it. Nothing works right.,2024-11-09
FoodieFiesta,DataDiver,7,"Works fine, but there are better options out there.",2024-05-24
SkyTracks,PixelPal,5,It’s decent but leaves a lot to be desired.,2024-11-26
FitFlex,GizmoGuru,9,Can’t believe how useful this app is. Brilliant!,2024-08-05
SkyTracks,DataDiver,6,Average performance. Could use some improvements.,2024-09-14
FoodieFiesta,SnapSage,2,I regret downloading it. Nothing works right.,2024-01-03
SkyTracks,TrendTracker,7,Average performance. Could use some improvements.,2024-01-24
